timestamp,session_id,sample_index,label,x0,y0,z0,x1,y1,z1,x2,y2,z2,x3,y3,z3,x4,y4,z4,x5,y5,z5,x6,y6,z6,x7,y7,z7,x8,y8,z8,x9,y9,z9,x10,y10,z10,x11,y11,z11,x12,y12,z12,x13,y13,z13,x14,y14,z14,x15,y15,z15,x16,y16,z16,x17,y17,z17,x18,y18,z18,x19,y19,z19,x20,y20,z20
2026-01-04T01:53:37.025034,fc034ad7,0,one,0.0,0.0,0.0,-0.1043869417288549,-0.12043341028460973,-0.03966559708574352,-0.17133883065499703,-0.30169075345352525,-0.06067916893194834,-0.16042513168511185,-0.4887860139028061,-0.08491568367620798,-0.1024886314886549,-0.6010288784073167,-0.10654890414508734,-0.14779476708781772,-0.509993091355344,-0.007239493214685529,-0.1843419939454624,-0.7241407887295543,-0.04629236518678039,-0.19202743539636652,-0.8617358249177175,-0.07607947605593476,-0.19394049220224835,-0.9760546475424642,-0.09851096636976901,-0.06661258009708937,-0.5200973830331793,-0.01782455620396428,-0.060351078053891546,-0.720938992337778,-0.08876799139208286,-0.06481887400037069,-0.6030269002388325,-0.11421448252329153,-0.0749191689454511,-0.47234035443586075,-0.11217579565872432,0.012601974012897352,-0.4908198685107451,-0.03548781190637875,0.02553223138517879,-0.6728382447235394,-0.10274772704480084,-0.00033751719023158186,-0.5349957556505004,-0.09770381585354196,-0.024218684492529872,-0.40265056575425084,-0.07421958268661147,0.08819438569999047,-0.42196705079535674,-0.05757732531363692,0.0996869218274798,-0.5390573319488752,-0.10322201174081276,0.06566039297283048,-0.44906586360207995,-0.09701428470319416,0.034388026441410216,-0.349965910216085,-0.08000355268843401
2026-01-04T01:53:37.097988,fc034ad7,1,one,0.0,0.0,0.0,-0.10728933895063854,-0.12501721291035678,-0.03673599806349908,-0.1706173732033235,-0.31371851933629374,-0.055172312885513046,-0.15414253295328795,-0.4989933014600281,-0.07752803998021103,-0.0921385258215991,-0.6030438390710717,-0.09760347491595818,-0.14442339841868354,-0.5258081955420789,-0.001915278528685814,-0.1768728484205767,-0.7361130018193899,-0.03809057709665962,-0.1869985567607417,-0.8671230825880356,-0.06435744385439397,-0.19104463510244526,-0.9779860523806657,-0.08393586091448235,-0.06502846297943345,-0.534275729887806,-0.013396610110990834,-0.0586364619711928,-0.7444586868966607,-0.07917693022086175,-0.06414322975067092,-0.6349118257291495,-0.10247244539711464,-0.07168791801221848,-0.5208108737516705,-0.09900998921329654,0.012811853277842731,-0.5059663562347113,-0.03188486766343681,0.02297947503584085,-0.6798271726545232,-0.09500683969999657,-0.00039879183547429317,-0.5432783770713084,-0.08988422989777127,-0.01672809559231726,-0.42480122738951814,-0.06636341730137234,0.0868149756536261,-0.4415473443862457,-0.05454065924778581,0.09189373507835863,-0.5580449383616137,-0.09308326810074107,0.06593635948949989,-0.47442766978449524,-0.08380450603782856,0.048240842142245666,-0.3913244208104445,-0.0654500597596664
2026-01-04T01:53:37.143811,fc034ad7,2,one,0.0,0.0,0.0,-0.10739800991052784,-0.12392648446119826,-0.037524682856251115,-0.17032963156656902,-0.31272121287437216,-0.05635523488685644,-0.15245131133860965,-0.49727932397465885,-0.07917060970522109,-0.09124342281199875,-0.6027857064451618,-0.09965807682145617,-0.14465456993340076,-0.5254189976165827,-0.001973651081019969,-0.17697739962542391,-0.7361124970853075,-0.03852605737140231,-0.18707003939909603,-0.8669843711181224,-0.06484707512452056,-0.19096445000816062,-0.9779569799456349,-0.08445545695035807,-0.06521099687559678,-0.5338691544558662,-0.013414939942563849,-0.05829271346148549,-0.7424315773803551,-0.08036077143826323,-0.06382223303765762,-0.6313146982485376,-0.10406499522592542,-0.07152652674195355,-0.5168507207458521,-0.10061858726792462,0.012201867525963995,-0.5057716080159094,-0.03201514297614964,0.023061126786970483,-0.679072060789586,-0.09652021477218925,0.00021329883135309452,-0.5402679828415095,-0.09120978907804599,-0.015836823730693842,-0.4219344477305957,-0.06729759210206705,0.08530724259576931,-0.4414615324206276,-0.05486403776731116,0.09184153349146518,-0.556951993479831,-0.09472172634251,0.06624758549838893,-0.47106883038391345,-0.08551078773998967,0.04863349909800205,-0.38730752637313026,-0.0669562730054172
2026-01-04T01:53:37.225049,fc034ad7,3,one,0.0,0.0,0.0,-0.11005569796609746,-0.11800218898209924,-0.0352018943337186,-0.1741004446021014,-0.3018409163953934,-0.05279059433702351,-0.15282472327593727,-0.48272289556911235,-0.07488050951603548,-0.09540013046014624,-0.5840786913056982,-0.09536376833515407,-0.1468548164781727,-0.5193101975030417,-0.006304591662860625,-0.18087732462772493,-0.7300057942435103,-0.044259558341466596,-0.1916415527410029,-0.8641906586426141,-0.07223592413489323,-0.19668833107356515,-0.9760298119036148,-0.09316387011545743,-0.06606884890588162,-0.5286674327802464,-0.0187826316437026,-0.06077795005655831,-0.7294192519774279,-0.08859719604478222,-0.06571232457690673,-0.6145724283542607,-0.11392778242707748,-0.0742093024952462,-0.4852011286921679,-0.1114884442881772,0.012824733101079022,-0.5012541020588615,-0.03781058934435097,0.024915159468474387,-0.6639891874060989,-0.10250138435916872,0.0016013027636147875,-0.5293695050461505,-0.09868968459580735,-0.017282120863293858,-0.40259446945702143,-0.07615892920287844,0.08814306801794546,-0.4383579167500091,-0.06105304739778735,0.09760735785301257,-0.5513892590230008,-0.10089006911135412,0.0675406580316926,-0.47106853763760465,-0.09322987609325697,0.04308817432919107,-0.3831791771117512,-0.07613223503424854
2026-01-04T01:53:37.275165,fc034ad7,4,one,0.0,0.0,0.0,-0.11192335878152983,-0.11383539851698492,-0.036050818123252185,-0.17622158720413744,-0.29940506095291075,-0.053703864879809916,-0.15382757141703093,-0.4837965387290901,-0.07561253584320315,-0.0955245847265709,-0.5862608096143952,-0.0958219224590099,-0.14851793051198015,-0.5159842145003395,-0.0068792753164111315,-0.18260746520900636,-0.7288201074701254,-0.04486031501257114,-0.19279775838116048,-0.8640501985995703,-0.07266360068984994,-0.19794562203653016,-0.9757497190313259,-0.09343455745525688,-0.06712417015561466,-0.5273464862222308,-0.018560119543630623,-0.062304881672873146,-0.7267413395432963,-0.08901620808516791,-0.06687578629209566,-0.6111323184635361,-0.11404965979647615,-0.07550172135246275,-0.4787232181254054,-0.11103321140565499,0.01297063045632861,-0.5023117357603728,-0.036916764410489855,0.02184118387526523,-0.6602725067120365,-0.1017779314648205,-0.0013474929193265561,-0.5279394137886266,-0.09843420665192087,-0.019709210758131604,-0.400452665198336,-0.07598459736812976,0.09024158128245899,-0.44319839845847137,-0.05954172680960744,0.0958998800532018,-0.5527340087125959,-0.09935714760464089,0.06491186626622558,-0.47368685525548404,-0.09234315373828111,0.03999398592094761,-0.3844155190816728,-0.07561612701921978
2026-01-04T01:53:37.342323,fc034ad7,5,one,0.0,0.0,0.0,-0.11260022858650887,-0.10906117012135169,-0.03728722559832339,-0.1768935209860079,-0.29477452748024685,-0.054975302789674545,-0.15116225009631123,-0.4780031466494902,-0.07563653636388357,-0.09132735037868135,-0.5767927673297483,-0.09466329243604067,-0.1446408893649017,-0.5050953460032436,-0.013259635988728435,-0.17973600375389412,-0.7222293529280873,-0.049178463267123856,-0.1910508756442187,-0.8617906475512447,-0.07464736244783739,-0.1954225466131734,-0.9762128727071439,-0.09390663148089219,-0.06376679773531074,-0.5130489459448705,-0.02332980196504958,-0.06154915961944149,-0.7162620865013252,-0.09006522911173424,-0.07112315266537973,-0.6004546956336565,-0.11094152010012295,-0.07839222548374322,-0.46695789662750786,-0.1059488309521464,0.01470234248250364,-0.4818726302518182,-0.03956944091862964,0.022082094062098837,-0.6498784365613733,-0.10203604778697889,-0.005500594333518114,-0.5193656210178502,-0.09568551236829637,-0.02177583612279186,-0.39141263710197927,-0.07197228130631413,0.09051505233105926,-0.415633773349503,-0.06000570940315788,0.0975044861526905,-0.5384916114571782,-0.09917345195623276,0.06831275272828093,-0.4609913306992345,-0.09022081858232968,0.04902915012897116,-0.36936654866220514,-0.07229465508897925
2026-01-04T01:53:37.393971,fc034ad7,6,one,0.0,0.0,0.0,-0.11205745458279039,-0.10462115557473255,-0.03682227617779506,-0.17848186598749485,-0.29093385836592356,-0.05424458788464705,-0.153816010018041,-0.4755602461368266,-0.0746750217185646,-0.09166273397959433,-0.5727545266009372,-0.09344018166886664,-0.1459253947604602,-0.5005102959088071,-0.013290548243899799,-0.18168669439163715,-0.7201411880847082,-0.049454324996621585,-0.1929166044108041,-0.8602758088535714,-0.07472365324898954,-0.19701642176098796,-0.9759085775994029,-0.09373888053740939,-0.06489647412341425,-0.5104719884469142,-0.023450862387118944,-0.06118514639588745,-0.7151125542163433,-0.09059993150582757,-0.07025613997111411,-0.5944385629630348,-0.11040803207553555,-0.07766233876945126,-0.46029282901470137,-0.10394375710048849,0.01378702129357148,-0.4819466948394854,-0.039782913993293326,0.019818596962934185,-0.6451273864603084,-0.10126134842855206,-0.005905970588612252,-0.5138250674166903,-0.09356794053214675,-0.020205258068178297,-0.390402533181361,-0.06874494195204375,0.09064565633244258,-0.4189214973054373,-0.060381329678101135,0.09779122107184289,-0.5398169501484901,-0.09764836504861452,0.06950616652143729,-0.4602931103250726,-0.08757462307327019,0.05173663430248136,-0.3718608039934017,-0.06899093908072795
2026-01-04T01:53:37.474681,fc034ad7,7,one,0.0,0.0,0.0,-0.10619047063458033,-0.11306725362336938,-0.03607550868961327,-0.17650081307394042,-0.30815927627212547,-0.05341678668198947,-0.16157442530966878,-0.5007958880096469,-0.07418125761428901,-0.09918773666197911,-0.6035070858528524,-0.09318794711740915,-0.150015220997547,-0.5149572115018572,-0.008167519807725555,-0.1849904722923065,-0.7267558229710014,-0.047755144834545696,-0.19635519139813953,-0.8609468860353048,-0.07490970638735527,-0.20120071572732515,-0.9749613754933555,-0.09470263083418735,-0.06889715832825177,-0.5229378598727946,-0.02069324345034376,-0.06433407380298911,-0.7352302836348962,-0.09371573627143273,-0.06627090440657246,-0.5928563469887748,-0.11336612149733882,-0.0711023560001366,-0.4559507235867673,-0.10414514618602361,0.010812786414758854,-0.49370646598561746,-0.04002709327255398,0.020031413338317233,-0.6613374448883778,-0.10898224446475586,-0.001832270177915797,-0.5041545574567459,-0.09810352728361041,-0.01818971442753505,-0.37588333135897123,-0.0683397398192235,0.08728107650736315,-0.42900396796405815,-0.06341040795168214,0.0967449912128038,-0.5499618044503876,-0.10634279735343143,0.0670422310459854,-0.44366395884301535,-0.09390623713444866,0.04394704243551726,-0.34519196151474435,-0.07204122990152123
2026-01-04T01:53:37.524817,fc034ad7,8,one,0.0,0.0,0.0,-0.107534893606062,-0.12051807910167234,-0.037074835936845074,-0.17610029434312396,-0.3126214328856036,-0.054623535726971865,-0.16215611946086284,-0.5053412809489154,-0.07588931646371797,-0.10093915765909418,-0.6100525275881223,-0.09499916655083068,-0.1508098085320111,-0.5219471022660008,-0.003617733949194795,-0.1840274460223586,-0.7298844047804526,-0.04200582297852339,-0.1943904611229718,-0.8636799052838032,-0.06914134776636773,-0.1990598964235804,-0.9759508746847171,-0.08885408171811095,-0.0702367108730216,-0.5294424848852533,-0.015419055169826085,-0.0656309883461979,-0.7387284906242022,-0.08781673633629095,-0.06605578664318397,-0.601621947405305,-0.1093629203712845,-0.07130128579779535,-0.46254288738138394,-0.10140509733486677,0.008290189016074706,-0.4989732101214022,-0.0343315226567939,0.019567349976004525,-0.6683135373413688,-0.10314128784741318,-0.0012314549909018544,-0.5156303362541393,-0.09457984030279659,-0.018576246893210312,-0.3828483846904306,-0.0660254210638105,0.08291750466985846,-0.43122366748541097,-0.05744019450392327,0.09586444219788876,-0.551754851621516,-0.10035851569207686,0.06637950887672571,-0.4531426740658005,-0.08966613203989501,0.04086456449713644,-0.35317426486155173,-0.06869628197597032
2026-01-04T01:53:37.625030,fc034ad7,9,one,0.0,0.0,0.0,-0.10702374538982777,-0.10704754403013504,-0.037835692704270694,-0.1784871424565212,-0.28201976730527367,-0.058843714948513946,-0.16637111468408616,-0.4678028029239951,-0.08370920805306259,-0.10019493554165819,-0.5724923216756848,-0.10655375912051802,-0.15237471434337285,-0.5110295332421133,-0.010162172218841446,-0.18666099545805717,-0.7288659775466896,-0.047237958022667226,-0.19398943676067773,-0.8649656417359286,-0.0744032397329094,-0.19496658093329403,-0.9762231652364204,-0.09474367511853315,-0.07260741170546427,-0.5209536362462475,-0.02057834710932898,-0.062097092193761194,-0.7133529738543948,-0.08968820520375989,-0.06585139769823459,-0.5950589623710519,-0.11318341284711622,-0.07577459075435702,-0.458723691642771,-0.10969893317662667,0.0059912377013553435,-0.4970147939491632,-0.037576611256425585,0.01498054411341999,-0.6525857356818039,-0.09992909260898422,-0.005333695268865542,-0.5222313432467445,-0.09469787148544176,-0.022279307111657334,-0.39300766621028427,-0.07201453433231783,0.0817215909831412,-0.43925752380743527,-0.05904091993156014,0.08668416745521508,-0.5478349704293235,-0.09733661572551168,0.058842978111745985,-0.45994638178655767,-0.08882322087309172,0.036184712651195765,-0.3602411382672221,-0.0713118663529954
2026-01-04T01:53:37.743923,fc034ad7,10,one,0.0,0.0,0.0,-0.10323148821251603,-0.1037855698517267,-0.043394363882524864,-0.17661872793120423,-0.28456249532551675,-0.06714172300497005,-0.17335782123486598,-0.4818235242447774,-0.09395578949765242,-0.10297827360211256,-0.5959501579911849,-0.11791681591552083,-0.14867806079660154,-0.5056709744073448,-0.011242850968874169,-0.1868074019072068,-0.7255296605155838,-0.053879629619957695,-0.19561136088625133,-0.8599827757028558,-0.08305894084396828,-0.19853283144093942,-0.9745362549390412,-0.10422956705960185,-0.06852934816159345,-0.5215865327962886,-0.020233364886335013,-0.061885958217564346,-0.7119183970042602,-0.09772834831549505,-0.06397176466065603,-0.5695942481906222,-0.12070787116382978,-0.0749232965606059,-0.4376750258969158,-0.11407231557084689,0.010624393156597491,-0.5025758031017011,-0.03689727629565872,0.022285540835591953,-0.6561977673719004,-0.10919513072338305,0.0020913961695906516,-0.4978714194085844,-0.09959892408653331,-0.018373570745285877,-0.3718269297937171,-0.07033099386264487,0.08624500809795024,-0.4479272830118442,-0.05826430279220229,0.09578108150519773,-0.552753170836611,-0.10233119986712651,0.06802878815361044,-0.449479270574284,-0.09185387765508558,0.04221906450357865,-0.3573932777712322,-0.07098508356947505
2026-01-04T01:53:37.802410,fc034ad7,11,one,0.0,0.0,0.0,-0.10336619110940126,-0.10414754144990779,-0.04290681055329793,-0.17687757301119655,-0.28808572592049675,-0.06547651481187394,-0.17344722041825683,-0.48538373174613453,-0.09094353040856491,-0.10645546147014345,-0.5978715359094012,-0.11322015853848326,-0.1504801797720094,-0.5122656152071712,-0.009002175695251266,-0.18787060452924603,-0.7316577980688888,-0.04939380313238886,-0.19603090974586262,-0.8633202827629467,-0.0770399828223222,-0.19953910441878855,-0.9750316191534479,-0.09745505353111923,-0.07026949642366084,-0.5265863956446303,-0.01803474455472721,-0.06412136712410657,-0.713232731188287,-0.09375568889338852,-0.06289946967142014,-0.5707146243826069,-0.11664257695884374,-0.07203852046721793,-0.4419934682467367,-0.11045785455784435,0.008808849714566044,-0.5054518524225737,-0.03467434578084736,0.020359749472516522,-0.6635918044667725,-0.10594448740783872,0.002310012549267545,-0.5091532572761106,-0.09688857976557458,-0.01819649295935197,-0.38666393160107015,-0.0686548527989713,0.08424521882376172,-0.4477396924702332,-0.055908600190990976,0.09477189537157135,-0.5546361195583629,-0.10055943369524582,0.06838691780464004,-0.4538456921852788,-0.09075112236408292,0.0419074974274029,-0.36431153648245557,-0.07049339240074184
2026-01-04T01:53:37.872262,fc034ad7,12,one,0.0,0.0,0.0,-0.11346255705248336,-0.1091197518272696,-0.03887372692312009,-0.18369048596644055,-0.2898222411211429,-0.057301406329455316,-0.16743586244502914,-0.47975576327553293,-0.07877060819305329,-0.1036059049532962,-0.5755810363012749,-0.09753088400169176,-0.15316600546133266,-0.5120393255258824,-0.0072651961971575895,-0.18830229346832647,-0.72886740698526,-0.04258516582018063,-0.19743689419115995,-0.8648185963554053,-0.06795794481598172,-0.20097703133275513,-0.9756981997055031,-0.0872998050863406,-0.07321690530345297,-0.5278512569551428,-0.016440193841783378,-0.0687598930762806,-0.734294408951494,-0.08365296627425742,-0.06726400528592047,-0.6182952947911708,-0.10608958611997957,-0.07127300695761542,-0.48249442198977993,-0.10124724772581287,0.004394450303305335,-0.5049438656302992,-0.03243087659284217,0.012860464202172664,-0.6658874239088393,-0.09316975282143027,-0.002960564598567353,-0.5474371279730228,-0.08920136566490795,-0.01753931233388479,-0.4232690640825299,-0.06689266011067181,0.07895020876942532,-0.4457942958254518,-0.053059258271179216,0.0873253889130584,-0.5537308295221354,-0.08989895910793776,0.06391351334978357,-0.48635513650635825,-0.08326123695733711,0.04168401615972752,-0.39874017126112776,-0.06706799445099494
2026-01-04T01:53:37.923203,fc034ad7,13,one,0.0,0.0,0.0,-0.11049596626155428,-0.10857238441617831,-0.03718680330961712,-0.18076872796790786,-0.29551281088583453,-0.05395556447172333,-0.16730337938649764,-0.4896375178310894,-0.07390670889408717,-0.10485629885203515,-0.5931407210270586,-0.09100686529749054,-0.15385581111879149,-0.5157780936891937,-0.003904084499581046,-0.18787272136806,-0.7314246298861794,-0.037364503072740585,-0.19619473517288308,-0.8662517838806464,-0.0614734799568183,-0.19955452530349965,-0.9765944121654896,-0.08025799373294211,-0.07531823584162392,-0.530927403376643,-0.013594938292576698,-0.07051024605140822,-0.7350470586816257,-0.0793409206437995,-0.0684558617432018,-0.6208390728966591,-0.10179078923435567,-0.07325916524918542,-0.49005955907575416,-0.0975808692402719,0.0011637146403345791,-0.5076103137683614,-0.030002130874583616,0.012233820651599777,-0.6718126134802307,-0.09040466915917633,-0.004151358670169038,-0.5510258427088268,-0.08740003734900062,-0.020855343151607864,-0.4292695624289409,-0.06638253497977417,0.07455974695547431,-0.4477384842513112,-0.05076624223729488,0.082417542957544,-0.5525153230192349,-0.08833712190555335,0.057884155843206275,-0.4808062841116961,-0.08293948729343177,0.033985898074203345,-0.3938183735408803,-0.067956010904897
2026-01-04T01:53:37.997592,fc034ad7,14,one,0.0,0.0,0.0,-0.10730414892683879,-0.11367824789961076,-0.031606874792064046,-0.1775590270985902,-0.30820254651361534,-0.046002217497380524,-0.1687319101438502,-0.5031333561927704,-0.06560778487801187,-0.10368042831814696,-0.6071025277338423,-0.08306255035959914,-0.14800873654097121,-0.5140902108796523,0.0006241347523027482,-0.1836683194017352,-0.7301794290907945,-0.032913917461741916,-0.19210027805660315,-0.8664497482846314,-0.05697256214179964,-0.19288320851990107,-0.9783508780772543,-0.07500418146032804,-0.06917062069750916,-0.5215288025726578,-0.011631441713346697,-0.055317237891125366,-0.7249417692784541,-0.07947118684170464,-0.06232640781796657,-0.6111735883285956,-0.10188039996627297,-0.0743866008315768,-0.47563887361267904,-0.09641777074800861,0.007864457171251052,-0.4951908658577683,-0.030148441971546033,0.017998236375446886,-0.6555129757560891,-0.09222901924995099,-0.005753800291595157,-0.520489887769377,-0.08718378367981863,-0.023976903487737674,-0.3896890026139562,-0.0633644852980095,0.08191539913543912,-0.43538046335201935,-0.052528223821519254,0.08727691351355796,-0.5488289887301226,-0.08936926793483754,0.05506378398677682,-0.46189682997420656,-0.08047921494246214,0.02888964168659716,-0.3633820466380494,-0.06250407734094772
2026-01-04T01:53:38.074833,fc034ad7,15,one,0.0,0.0,0.0,-0.10755247972223705,-0.11298322333350212,-0.033674462897328346,-0.17736243905642204,-0.3064983703764472,-0.04932471708210338,-0.16699792419573148,-0.5019755488167605,-0.0695472461996283,-0.10201775079764328,-0.606836993721591,-0.0874598096836397,-0.14762319255778286,-0.5154795351585879,-0.0018958032797080104,-0.1833208528214934,-0.7314025492754723,-0.037402816465281506,-0.19217191122688795,-0.8665569071610804,-0.06214775172780408,-0.19327661690266318,-0.977849539482938,-0.08033945165152184,-0.06744291067253518,-0.5239201143051843,-0.013628288359877982,-0.05407180981755482,-0.7306991273487394,-0.08294565270599347,-0.06292632518150419,-0.6058131117368272,-0.1036746392153927,-0.07574984380140257,-0.4668496694980157,-0.09626725855686533,0.010649506523949161,-0.49735255814141255,-0.03197619527709305,0.020947924337071773,-0.6624695511874716,-0.09567553096103841,-0.004619326299279955,-0.5222769527649117,-0.08811403909013758,-0.023036480417546072,-0.3921985854036741,-0.062033343684432626,0.08550081765778539,-0.43621424106362744,-0.05436011859184213,0.09067754395444298,-0.5504342950288696,-0.09266561764413964,0.05731982979731255,-0.459317924755479,-0.08251240073271546,0.03096964718746735,-0.36174139775237185,-0.06314201189895131
2026-01-04T01:53:38.164224,fc034ad7,16,one,0.0,0.0,0.0,-0.11467084406833171,-0.12322959703905065,-0.03463704447413177,-0.17768394854055566,-0.31031395803884787,-0.051365971915887924,-0.1501689723520156,-0.49346137629451753,-0.0725074096774813,-0.08961506338815078,-0.596265713546982,-0.09203680349478367,-0.1491865484847204,-0.5127680470672137,-0.0006965308514482051,-0.18163050786105475,-0.7260668468292969,-0.0369591950585287,-0.19018354663421955,-0.8637362210876486,-0.0652006190984728,-0.19300343344184953,-0.9773597642408448,-0.08670389796738143,-0.06866946319745809,-0.5254649940325034,-0.012470888201608882,-0.06635855808416237,-0.7289761399230482,-0.08003552523904203,-0.0711421776610063,-0.6243382421090665,-0.1064842896543826,-0.07599408886715577,-0.49592879467252776,-0.10556805814564515,0.010935859153239419,-0.5023604724463877,-0.031031973787494827,0.019182143077217575,-0.6674775765440143,-0.09322876245684218,-0.006591954046719828,-0.5462533841051213,-0.09260269197665018,-0.02433871857247291,-0.4182721530584626,-0.07346061796764758,0.08864267420924334,-0.44525543013312396,-0.053813320917122646,0.08808435529700266,-0.5490224703027883,-0.09260785740218311,0.05343248573401908,-0.46790023755747573,-0.08703411935347485,0.02775566933917404,-0.3714643734790956,-0.07218737106111468
2026-01-04T01:53:38.264194,fc034ad7,17,one,0.0,0.0,0.0,-0.114235376365724,-0.10133218094810542,-0.03992828592633467,-0.18918929171095036,-0.2927158270499341,-0.05782726949146076,-0.17050343402439316,-0.48696723840255696,-0.07851528762701676,-0.10223523679908703,-0.5910666275073175,-0.09745333348490613,-0.15996298067685097,-0.5097490145001058,-0.006648696439071118,-0.19389995102220364,-0.7207254202035746,-0.04383646396285495,-0.204307540337156,-0.8605607586549541,-0.07131434551545561,-0.20727474382707792,-0.9739597908997442,-0.09186678552091394,-0.07838586323545983,-0.5267138633939954,-0.017081857709769634,-0.07316612489407288,-0.750137181455794,-0.08825778756619972,-0.08008540399759838,-0.637279744964903,-0.11331490392712323,-0.0868943360256361,-0.49206816832743333,-0.10814758569122583,0.0014361902638578502,-0.502744772344161,-0.03435699110292598,0.010520873384844741,-0.6798593807733476,-0.10053526331875841,-0.013423742711617897,-0.5438533935265216,-0.09773199831115376,-0.02768914410547326,-0.4066183440498015,-0.0744046317976734,0.07800755038476985,-0.43866137257480525,-0.05609373476729974,0.07778210109999638,-0.5445604399652142,-0.09963231236043411,0.047713991526783114,-0.4468306924396864,-0.09373483633701739,0.029554694979910878,-0.34086281546608366,-0.07660866253618838
2026-01-04T01:53:39.143432,fc034ad7,18,one,0.0,0.0,0.0,-0.10909375889292607,-0.11274469065234706,-0.03567191306653469,-0.18071836597778174,-0.30317461143333335,-0.05358279528265291,-0.16547776469953598,-0.499660915083399,-0.07625925843408879,-0.10051079725680669,-0.6087625889691062,-0.09725037581239136,-0.15042344842995875,-0.5072848198710204,-0.0010828852954399694,-0.1850058892994509,-0.7241577421594324,-0.039807028608681926,-0.19431717161058465,-0.8626812109518018,-0.06662611594497028,-0.1971004222863819,-0.9765942110742961,-0.08611138386243285,-0.069441482468851,-0.5197134786246376,-0.013704398291933657,-0.06609683266222569,-0.7172105692545917,-0.08838241260027271,-0.07247334872146761,-0.5703273133546976,-0.10930477731248714,-0.078505138577263,-0.4248960346126575,-0.10023130696637451,0.011973546668706201,-0.4978902181269503,-0.0336750867097445,0.015020818889414526,-0.6599364801080045,-0.1029523330783885,-0.009782365720763662,-0.5008369275375921,-0.09230385867212051,-0.02351742230072626,-0.36279655598318106,-0.062219969319104174,0.09111895162629428,-0.44109420867825483,-0.057943360030449524,0.08996152527122098,-0.5456517580031139,-0.10013419813195241,0.05803371644483383,-0.43812325960222104,-0.08819104821565651,0.0385023410443124,-0.33610437354230865,-0.06628426510999498
2026-01-04T01:53:39.212989,fc034ad7,19,one,0.0,0.0,0.0,-0.11119808990017713,-0.10249347438117297,-0.04035372457035638,-0.17980419114032203,-0.297339180468024,-0.0577741032412741,-0.15411274730900285,-0.4898189590928236,-0.0782106298301684,-0.09171104382836381,-0.5943853118905805,-0.09667765631183786,-0.14959266610916358,-0.5071180821032503,-0.011314349887438574,-0.18292871211533518,-0.7244323364278727,-0.05069681854836358,-0.19447395734655593,-0.8576466659560935,-0.07647535521810088,-0.19870113259128197,-0.9753321863364477,-0.09615085128643794,-0.06650295921364081,-0.5197618319839112,-0.02057210464648834,-0.06310499257169004,-0.7110415833529429,-0.09544397599338399,-0.07091600882851444,-0.5611505738552053,-0.11598902320124266,-0.07652185963626724,-0.42920695821774313,-0.10819468591383344,0.013933566333709485,-0.4948030107662606,-0.03719929771130871,0.02276367209337524,-0.651559137734171,-0.1086298236810534,-0.005869995601665341,-0.49168657439626157,-0.10030788542814884,-0.023156168935034017,-0.3690899784231288,-0.07247563997772108,0.09242821268377532,-0.436419141342106,-0.058032542307311634,0.09730344414281879,-0.5414713574376582,-0.10286124336795009,0.06355286538043665,-0.44438956025354504,-0.09422001687587077,0.04065855179364747,-0.3591998593193113,-0.07518472493866261
2026-01-04T01:53:39.264244,fc034ad7,20,one,0.0,0.0,0.0,-0.11014197879164764,-0.09395403339653852,-0.04002641090732053,-0.18416307503817178,-0.29060520670832324,-0.05717596664716655,-0.15954314728581132,-0.48682276150303205,-0.076987878619022,-0.09332229607424684,-0.5860738850301699,-0.09515954606044079,-0.15125594405544837,-0.5064440712870776,-0.015918224172605012,-0.18568088362065546,-0.7240375381146366,-0.05543160371161222,-0.19730533917806312,-0.8569266612357563,-0.08147123313810435,-0.20231739989549832,-0.9740168879363053,-0.10177805124092244,-0.06658761541483395,-0.5180691738217156,-0.025594226928553846,-0.06585279305383422,-0.7130078702910296,-0.09941883978452795,-0.0724073912612256,-0.5599317636274309,-0.11808503146062757,-0.07674515793188155,-0.42567593705030193,-0.1092789794488803,0.01585166100802668,-0.48985327473651524,-0.04233293415551553,0.019784276159743642,-0.6465255683920307,-0.11197288480666587,-0.00758357954913957,-0.48605573405323094,-0.10152089576343407,-0.023415831240254693,-0.36281907989130474,-0.07278090019264738,0.09704040233091164,-0.4276729401014242,-0.06333247167748654,0.09974246679043595,-0.5390359086995266,-0.10762024664550592,0.06588370418817485,-0.4404940159896088,-0.09788677973138607,0.043385430433324226,-0.3529219097663077,-0.07844667748661761
2026-01-04T01:53:39.334536,fc034ad7,21,one,0.0,0.0,0.0,-0.1096550282585579,-0.10907471755488732,-0.036044487267367746,-0.17839541790043395,-0.29883589703856744,-0.0528838772647258,-0.16648327535265425,-0.4910881783409156,-0.07357920422923966,-0.1009014359722643,-0.5874737342806778,-0.09297788413025933,-0.14665050159384235,-0.511636350835045,-0.004149704115761715,-0.1815085415690258,-0.7257683365843517,-0.038928900659235106,-0.18928868683536654,-0.8683796569600143,-0.06640904504404564,-0.19220916810075872,-0.9774325024516562,-0.08764324759562121,-0.06439065316671871,-0.5269990216680832,-0.014623624050241908,-0.05790740908640186,-0.7234333536273742,-0.08335036446434849,-0.059653669007691326,-0.6126872459061528,-0.10966792456434712,-0.06753924883531749,-0.4669040557433097,-0.10772209082878945,0.01775773186117367,-0.5053493243990352,-0.03146697594928058,0.02762693957851508,-0.6760694006695125,-0.09422839481034531,0.0018064080952142558,-0.5552609521083823,-0.0955733514430189,-0.021077939102928468,-0.41372059170130815,-0.07720799508765548,0.09763100169494608,-0.44725579246674724,-0.05225208046025465,0.09744887470676825,-0.5446376489284431,-0.09415549669570658,0.06617785310382646,-0.4625701624934519,-0.0918293817387308,0.04026184165212755,-0.3580472175876744,-0.0782641283210632
2026-01-04T01:53:39.393434,fc034ad7,22,one,0.0,0.0,0.0,-0.11166018290936965,-0.1181681516062377,-0.03491230222280984,-0.17832487179634593,-0.3079646640723495,-0.05109331159512201,-0.16515292097862472,-0.5008064946688849,-0.0716615125719747,-0.10185287066288223,-0.6008232554314117,-0.09066446945256398,-0.15002962149367738,-0.5155125311806006,0.0008999049619438088,-0.18333119392166,-0.7287136273676711,-0.031912493072710206,-0.1909105566753163,-0.8684261492067459,-0.057890670953610716,-0.19421267873649373,-0.9778481021305196,-0.07806743609044867,-0.06935734443789307,-0.5292617177745089,-0.009641257704147973,-0.06697838284188136,-0.7231398637194121,-0.07695297510451045,-0.06885818483648744,-0.6155514505728027,-0.10379360514374521,-0.07506510180603959,-0.4735978507737851,-0.10252391219019757,0.01115572390561435,-0.5081328044823908,-0.026635244363363668,0.01682416533521431,-0.6770915916676695,-0.08991871695038045,-0.007218156251108403,-0.5560062807766237,-0.09261760678660563,-0.026579102638832276,-0.41545735749578366,-0.07484941610099428,0.08996195259900498,-0.45267913188103437,-0.04745982598209997,0.08821982585210082,-0.5556816811638532,-0.08996831338169184,0.056765407907917065,-0.476265916497413,-0.08871898170815563,0.03168308944541217,-0.3718934915536812,-0.07581098948845019
2026-01-04T01:53:39.463694,fc034ad7,23,one,0.0,0.0,0.0,-0.11194011496940025,-0.12337247339170163,-0.03413484000076681,-0.17465297956021653,-0.30400711029255567,-0.05220698295250874,-0.1538554355480754,-0.4863359714012864,-0.07446225809563367,-0.09542719256627631,-0.588890517233706,-0.09528786462914034,-0.14335116111352728,-0.5172481829452101,-0.007838425048698163,-0.17819943561035878,-0.7284734633618167,-0.04304318153681406,-0.18714106514822934,-0.8642313314367972,-0.06927923603938715,-0.19059333515296192,-0.9775651187258864,-0.08966950008623087,-0.06318309193692877,-0.5261303487559041,-0.019287624608048684,-0.05860016765871854,-0.715894495268793,-0.08657639345372796,-0.061308367904714674,-0.5996846597662164,-0.11091185351264025,-0.06862816997110549,-0.4638460306717019,-0.10926846516845197,0.015281756155813564,-0.497234491752777,-0.03681725769543322,0.02533478102951831,-0.6595005302916557,-0.09920270936379587,0.0015404338591033322,-0.5342867900002886,-0.09841123028593343,-0.01875187933631783,-0.4002444434255424,-0.07952734112384317,0.09055201039492172,-0.43358039930070624,-0.05818516542551943,0.09257715094741695,-0.5357879328150754,-0.09911962005116161,0.060416552573253506,-0.45777848128069826,-0.0956273649071884,0.032265608785985875,-0.35884363169194095,-0.08195764860582228
2026-01-04T01:53:39.523326,fc034ad7,24,one,0.0,0.0,0.0,-0.11120428575081132,-0.11676028515202523,-0.03540044946297584,-0.17643726678656016,-0.2982243883001335,-0.053662376441247446,-0.15916303333613666,-0.48407714443303634,-0.07572460564630967,-0.09970664255910094,-0.5873290376810468,-0.09626157728931511,-0.14384691564775356,-0.5121261149413295,-0.009119149483317691,-0.17842329288830988,-0.7257096353744696,-0.045010423493261925,-0.18786534664427432,-0.8628781876048828,-0.07100976827576932,-0.19218507384090355,-0.9771189624715273,-0.09112316155255233,-0.06308615170775532,-0.5225222914524825,-0.01998010631344171,-0.06038947451980383,-0.7121610780831067,-0.08833447410447422,-0.0628788784742798,-0.5860489873294055,-0.11098713273259327,-0.06935705250071049,-0.44602522151441804,-0.10716508975022802,0.01687711323618436,-0.4948977847907325,-0.03707369292363393,0.02398079056117583,-0.6552596876427064,-0.10064656438558185,-0.00018389655300835516,-0.523079293993432,-0.09716797265521657,-0.019692515625538778,-0.3872841571596775,-0.07549856023003476,0.09453572083976432,-0.43281442183659286,-0.05803930123919397,0.09495055066041799,-0.5356382384783516,-0.0997826100914528,0.06328152408572028,-0.4511437227987677,-0.09459407616853693,0.037246135826757724,-0.35023920246178875,-0.07903609838535078
2026-01-04T01:53:39.613321,fc034ad7,25,one,0.0,0.0,0.0,-0.11072811461178278,-0.10955403504027618,-0.0347050146473646,-0.18336013855797612,-0.29432262133592185,-0.052098433844669924,-0.1674424123973594,-0.481311128909334,-0.07403129769558696,-0.09607527694198002,-0.5752227329334267,-0.09482487865160794,-0.15115823236976905,-0.5052967168376865,-0.0034544136554075454,-0.18373204935538578,-0.7246102613373495,-0.03845417946426364,-0.19249867806152032,-0.864455157542875,-0.06383291998391934,-0.19506679347749367,-0.9772753753310572,-0.08295653593268039,-0.07161857401931662,-0.5186967692085398,-0.014437677675187787,-0.06572117135218988,-0.7179689671147568,-0.08322914633729975,-0.06942390853497851,-0.5991643855757045,-0.106649828279472,-0.07582670691325791,-0.4597822090868958,-0.10190624283157576,0.007254779132766788,-0.49957442566903915,-0.031944669237193066,0.012110327850490816,-0.6670299906679623,-0.09531219828069122,-0.011139134154170071,-0.5324348014631942,-0.09087483058303239,-0.027572890044225026,-0.39787739100759867,-0.06717187929446738,0.08413719220345733,-0.44611287818721823,-0.053407524346523814,0.08519149914795768,-0.560502313278993,-0.09235596743253581,0.05774719677221252,-0.47405963792695816,-0.08431813627235986,0.03798065559867336,-0.3769945577566576,-0.0664647083333939
2026-01-04T01:53:39.743712,fc034ad7,26,one,0.0,0.0,0.0,-0.10596905805088842,-0.11944555691324472,-0.03486338129630929,-0.1741940519233793,-0.3102870814935017,-0.05226639824393663,-0.15563432329609245,-0.5010232237464902,-0.07416570889526561,-0.08524298184712582,-0.5984259844225543,-0.09462404026206628,-0.13779298347803692,-0.5135692413836602,-0.005267980569235867,-0.17142462113448464,-0.7264371398888244,-0.04276971573192343,-0.1814023987786527,-0.8637382925848215,-0.06982493361526472,-0.18440313958297105,-0.978710830927903,-0.09011432481219023,-0.05811192432806291,-0.5181370201897493,-0.017796785897927155,-0.050304966719883354,-0.720000292299496,-0.0890486914511038,-0.06068442713403794,-0.5939841333046204,-0.11136791538609717,-0.07194021008396691,-0.4580252775198797,-0.10543884918636763,0.01951627590557072,-0.48586640786876745,-0.03703852965981449,0.028377615843874996,-0.6461690005456255,-0.1045562197838585,0.0006884792362399747,-0.4975583953855468,-0.09751693539227509,-0.01827768414926567,-0.3661965990402675,-0.07105325705876273,0.09387035624717072,-0.4189127804949483,-0.06030507205771048,0.10086905656278516,-0.5379882413835151,-0.10158604369796792,0.06706788473793326,-0.43820305743076665,-0.09147749028941511,0.041216090403869234,-0.33522621455825047,-0.07189984472699548
2026-01-04T01:53:39.801154,fc034ad7,27,one,0.0,0.0,0.0,-0.10950787956847098,-0.11902342930130683,-0.03667740549672256,-0.17836024390795513,-0.3058680179245806,-0.05462324093303984,-0.16339571151382473,-0.49682219338828404,-0.07644808209708472,-0.09639672344710437,-0.5966858165383107,-0.09647211838012108,-0.1424803461708432,-0.517101359821197,-0.004703420677827876,-0.1763982603498011,-0.7271666092061777,-0.04147019343016555,-0.18669493624691136,-0.8646529244027735,-0.06809277905737832,-0.18999786715857875,-0.9778337754195631,-0.08798817036349096,-0.061200628462683364,-0.5230993734674028,-0.015833852533830295,-0.05770178129204574,-0.7189317086262003,-0.08487353028044782,-0.0650437748328504,-0.5979612468995333,-0.1068794555802755,-0.07305151692825512,-0.4617902787677517,-0.10129042065088069,0.01915254215751717,-0.4911992980219425,-0.03387758769677021,0.025799731168669283,-0.6484488245216362,-0.10013885725126663,-0.0020079653439166816,-0.5053635921905383,-0.09373546162302587,-0.021871673648106226,-0.3714505977317048,-0.06820516379583592,0.09689871478308354,-0.4235402033375254,-0.05604215720990011,0.09971601597579159,-0.5332286954111162,-0.09752485972866169,0.06632957225313309,-0.4374935595901457,-0.08826530406729079,0.0404076931505054,-0.3359656355778302,-0.06914784770489157
2026-01-04T01:53:39.894390,fc034ad7,28,one,0.0,0.0,0.0,-0.11110106542651846,-0.09771896761626626,-0.038325354920991435,-0.18830422387570223,-0.28306025846174193,-0.057339473124347784,-0.17425438464096346,-0.4817040521112369,-0.07989567172194825,-0.10269254902815715,-0.5828757297422713,-0.10073675855295539,-0.15188426167844984,-0.5054643393350774,-0.012087808091657598,-0.1842543728500478,-0.7258988899644975,-0.05056342621116435,-0.19065966497494943,-0.8630669986968382,-0.07689005899275177,-0.19185594579508475,-0.9766639921932464,-0.09653363360106079,-0.06865144242525906,-0.5161489873690762,-0.021971061791670802,-0.06128544214440917,-0.711784375325591,-0.0954895380759145,-0.06524834544128182,-0.5767915302972222,-0.11650510929614562,-0.0724264586760286,-0.4355498705014967,-0.1088520316004387,0.012455083683848256,-0.49160103081898127,-0.03855466795548427,0.020852035605967646,-0.6419118812576291,-0.10636626706329558,-0.003592268971885027,-0.49180826337781003,-0.09853998099696233,-0.021325893589262682,-0.35783987389603167,-0.0713064246894792,0.09145116426446288,-0.4321116517748588,-0.059372955992665725,0.09596159554143088,-0.5374504670640504,-0.10078088381145557,0.06286691996331821,-0.4367547176003297,-0.09156057865838152,0.03622964803885157,-0.33351892373142605,-0.07230879976040556
2026-01-04T01:53:39.949102,fc034ad7,29,one,0.0,0.0,0.0,-0.11084418792843426,-0.09709018918173393,-0.038809252516830366,-0.18839254044289871,-0.28333608415160266,-0.057359537387586715,-0.1749155051941478,-0.4835321781822781,-0.07914089362202724,-0.10388813766489143,-0.5841624631406098,-0.09910160012352162,-0.15207878747012912,-0.5047533468471606,-0.011928452803676676,-0.18408383885398533,-0.7257640824918901,-0.049887805812101615,-0.1909107536380618,-0.8630134081117409,-0.07570853857246213,-0.19251231896571988,-0.9766730348748172,-0.09512512809376296,-0.06891525331150915,-0.5153880459818447,-0.02138498131467168,-0.061708922792735335,-0.7136197111221184,-0.09457570478689246,-0.06541760814832709,-0.578130052610311,-0.11516576838686349,-0.07214663681205666,-0.43564531780884586,-0.10715487388911604,0.012198379965327502,-0.49046311480561533,-0.03755467190376742,0.02022361492239691,-0.6444847134588101,-0.1052231658601896,-0.0040902414573520595,-0.49480035462203514,-0.09716493357756593,-0.021542366415466776,-0.3600304302079387,-0.06980671272849524,0.09100412678372312,-0.4303021054728261,-0.05802034896369307,0.0958239480272758,-0.5346947990000304,-0.09997912386475455,0.06324556365281643,-0.43453603690567283,-0.09123589385821287,0.0373885026206599,-0.33208907972985363,-0.07224775231374378
2026-01-04T01:53:40.013798,fc034ad7,30,one,0.0,0.0,0.0,-0.11348587895784783,-0.10700818922627449,-0.0363582963940348,-0.18905831969385972,-0.3036695066605719,-0.05214022760861879,-0.17020671791900907,-0.4980278242549753,-0.0715582513163651,-0.10271495383583656,-0.5947978786893522,-0.08937667574154513,-0.15223815771780178,-0.5095526148230741,-0.006322495060387281,-0.18424460312244179,-0.724134374875602,-0.04349996549633723,-0.19222918448602203,-0.8624459892389524,-0.07099212225029897,-0.1932501444806399,-0.9768073564289298,-0.0922050437044402,-0.07066864357320693,-0.5189703728005542,-0.01788635165941456,-0.06679951432110047,-0.7320683208757006,-0.08833594942150742,-0.07016382858203336,-0.6155576783333051,-0.11185052440235611,-0.07284372617579742,-0.48286791814500374,-0.10733104720053378,0.009869419824667491,-0.4910957450806679,-0.036189865183455384,0.016401941220563366,-0.6645787948196433,-0.10164871383961349,-0.006024908870828296,-0.5279375879444044,-0.09674376269407725,-0.01920562968913724,-0.3966087580571902,-0.07304999255387727,0.08951045397942856,-0.4279559645997075,-0.0587757769324549,0.0932143888550939,-0.545962728268618,-0.10128959791055718,0.06319475202197769,-0.4558149261297873,-0.09444974993181779,0.04278758152536442,-0.35789718341539406,-0.07766493122868588
2026-01-04T01:53:40.134393,fc034ad7,31,one,0.0,0.0,0.0,-0.11336864825247737,-0.11526129642640479,-0.0362333112683881,-0.18224388970237682,-0.29869358031639637,-0.05519452132587654,-0.16410232904010713,-0.4869093125586902,-0.07851726056677584,-0.09979028450034806,-0.5919851498708939,-0.09979540825115789,-0.1522954751687162,-0.515484115207593,-0.0035139147389691575,-0.18461586007730904,-0.7292741371707879,-0.039056169038999174,-0.19268394571800185,-0.8669011416058248,-0.06574244462494318,-0.19533412119581484,-0.9769745529692575,-0.0858213490174696,-0.07268187465621369,-0.5259217622230694,-0.014238106407171247,-0.06580645057482752,-0.723403885608568,-0.08304557859619259,-0.07061219938564865,-0.6115079623898214,-0.10829496302561707,-0.07846925661332012,-0.4728534161485236,-0.10569701122959796,0.005298286098355674,-0.5029784448073678,-0.0317618434915864,0.01431207636883112,-0.6649691819743234,-0.09570386775940648,-0.010485758189873644,-0.5357041611981141,-0.09483652446303052,-0.030089650770946934,-0.3981488073103556,-0.0740635613169634,0.08047340707984199,-0.44644815903349105,-0.053376048847597515,0.08328381548182773,-0.5585334296639214,-0.09315712442369001,0.05291251817921628,-0.4781612694188982,-0.08787805010151979,0.026891599830756254,-0.3750755415437785,-0.07218566826894644
2026-01-04T01:53:40.267577,fc034ad7,32,one,0.0,0.0,0.0,-0.10875186536191664,-0.11498894353812512,-0.03277964591688872,-0.178911482119146,-0.3035558626853918,-0.0494591298465181,-0.16297857740180732,-0.49316291517877925,-0.07043765656832601,-0.09587836286892423,-0.5876216486970939,-0.09011660246219383,-0.14679547826087722,-0.516663063962379,-0.004527204182439093,-0.17849945394718192,-0.7337309877053946,-0.03764875980480411,-0.1871007660402041,-0.8678766221246716,-0.06214836810967022,-0.1901969737252109,-0.9783430429910679,-0.08167007662999273,-0.06759247033819717,-0.5260129605277502,-0.016703106640073198,-0.06697229143365839,-0.7281825300487734,-0.0808074055682086,-0.06960408864313927,-0.6081836327194596,-0.10125486361010604,-0.07369321667697759,-0.4738091014184339,-0.09692459605416369,0.011704274338225124,-0.4985502972519477,-0.034974847826345225,0.014938054494165425,-0.6796901639190648,-0.09444693894221981,-0.006149268893658763,-0.5430180482900995,-0.08720365530005937,-0.020448121436202414,-0.40768664393598286,-0.0642980499696417,0.08899146843221434,-0.4342450232345072,-0.0572418822912819,0.08523689790033548,-0.5466424901520773,-0.09531676949319141,0.05476845533725398,-0.4558381115480377,-0.08683402405504065,0.0334906257822654,-0.3550174783380534,-0.07016231777747384
2026-01-04T01:53:40.325238,fc034ad7,33,one,0.0,0.0,0.0,-0.10945987819206326,-0.10943778421031068,-0.03527357266604023,-0.17994597257256034,-0.2972398453198468,-0.05310762192484059,-0.16133025475740148,-0.4866969274485777,-0.07480408680004197,-0.09196717789244262,-0.5796539996247327,-0.09529550326068226,-0.1473021145331108,-0.5092885132142458,-0.008078693129643658,-0.1798403969002616,-0.7285879924303291,-0.04326657091332052,-0.18785561803998704,-0.8657132414128133,-0.069683671063406,-0.1898664500501277,-0.9776403741241338,-0.09038821841249943,-0.0671731158002292,-0.521097257037358,-0.019221814238846217,-0.06630389940419065,-0.7228228615461789,-0.08461404193059854,-0.06715577621961323,-0.609298110217622,-0.10591534090985716,-0.07037716266033718,-0.4765963420691285,-0.10212007028487612,0.013125503184968166,-0.49616727500676794,-0.03657232167469346,0.016167201229792885,-0.6751655136468715,-0.09647345858053091,-0.003122662699475029,-0.5374133129733258,-0.08821657577567854,-0.01601925545324707,-0.3998986925212842,-0.0646501192843013,0.09121584267752705,-0.43421749811410404,-0.05833959566388197,0.08610528096162925,-0.5413830980870867,-0.09748192474368338,0.057517766103692906,-0.4461237770781809,-0.08870315901700583,0.03902957810725784,-0.3441113885959981,-0.07156582398322457
2026-01-04T01:53:40.414196,fc034ad7,34,one,0.0,0.0,0.0,-0.10726649099124014,-0.1133752791884377,-0.039933560168056825,-0.17804888450870576,-0.29922135946418676,-0.0597758463054452,-0.16254298978079756,-0.48899927618766786,-0.0825428386529293,-0.09871031316679856,-0.591168769238176,-0.10326725764438466,-0.14680212558010688,-0.5181258049417848,-0.009483059092332677,-0.17985547364018825,-0.7317650388643872,-0.04853486613746008,-0.18861205840523554,-0.863677820693804,-0.07566894504648863,-0.19249003026149042,-0.9765763320492709,-0.09615745385108007,-0.06684547024544148,-0.5271591686943445,-0.019360988107911422,-0.06597081519729027,-0.7234913539944712,-0.09209051169856125,-0.06772583926060578,-0.588282240341218,-0.11511605669823023,-0.07276402515061763,-0.4595175059233952,-0.10983696961053356,0.01189884852710359,-0.49935800155716803,-0.03643558236122518,0.021641162284434745,-0.6593491476064212,-0.10586935118644517,-0.0017286840690356286,-0.5125086269552873,-0.10153407034219998,-0.0212920528364394,-0.38715387655884165,-0.0771837473167337,0.08839061001104635,-0.4363597731746549,-0.05760751776839268,0.09298157345849652,-0.5386041052565297,-0.10255086903011756,0.06425551017296822,-0.4446243993163794,-0.09662910001849653,0.04044819693037315,-0.35532680156579066,-0.0796673979876904
2026-01-04T01:53:40.463397,fc034ad7,35,one,0.0,0.0,0.0,-0.10690322793208681,-0.11652409078418725,-0.03841506689425519,-0.17844618516457544,-0.30342006752988776,-0.05776868065495868,-0.1626333905768955,-0.49435383803418026,-0.08002996933782743,-0.09649146847582749,-0.5924001625797709,-0.10027706472680498,-0.14582600463114148,-0.5224510091869659,-0.009225159344303829,-0.1794271691021426,-0.7362361513873862,-0.04666303821306546,-0.18907663530755356,-0.8657544956483298,-0.07240472408854982,-0.19247946239289793,-0.9769619728487313,-0.09217895727581006,-0.06545419196054855,-0.5300367989915146,-0.019489995758401053,-0.06528882014602025,-0.7305901132612257,-0.08936464244918929,-0.06790338880056933,-0.5971211738139184,-0.1104072338893083,-0.07159738691451643,-0.47066151386560007,-0.10447421630604052,0.013616306985645322,-0.4998681063433908,-0.03673679811592741,0.02201028037244595,-0.665670359683649,-0.10328341948225114,-0.0018954581361258392,-0.5226683807870028,-0.0981659012053981,-0.020156477605218926,-0.3999924862726086,-0.07436327709125459,0.09078357212685224,-0.43388190589638953,-0.058029130848998536,0.09350533393070096,-0.5344685136886598,-0.10122583517909037,0.06461247580633313,-0.44228795934017084,-0.09519060573438712,0.04251707963010393,-0.3552485106211739,-0.07883592686654468
2026-01-04T01:53:40.563830,fc034ad7,36,one,0.0,0.0,0.0,-0.1107691856297134,-0.11429156642803966,-0.0352909255326502,-0.1803939805652594,-0.2971420448159182,-0.05275110276617531,-0.16692651229747146,-0.49339237378117956,-0.07515620622096332,-0.096567522809934,-0.5927571263557124,-0.09625558650869788,-0.14821895128538673,-0.5073000526918519,-0.001769043827705539,-0.18305166188649133,-0.7250189287952155,-0.036722062297937695,-0.19085065290636646,-0.8646987814391015,-0.06343361523670066,-0.1927305916568892,-0.9776603941581234,-0.083875340441444,-0.06988455260629986,-0.5176797855621893,-0.013682519080240662,-0.06214232705491298,-0.7268985197181127,-0.083902836215243,-0.06414497939172652,-0.6393127409859427,-0.11246158862927469,-0.07139843756370351,-0.5114478971264256,-0.11169933308359273,0.009012770301962198,-0.49520559919312357,-0.031969749972163314,0.01396221828235713,-0.6538573618445053,-0.09842243087614794,-0.008537220372322858,-0.5255572464943864,-0.10196669003212072,-0.02575357478818921,-0.3857955152274482,-0.08328102476906377,0.08779906663215165,-0.44018754713006175,-0.05420177005263692,0.08424899875483233,-0.5378399443040575,-0.09879160642220627,0.05684894711838334,-0.44551445764969355,-0.09790648946349267,0.03707272050958714,-0.33616941744999423,-0.0845428129591661
2026-01-04T01:53:40.693414,fc034ad7,37,one,0.0,0.0,0.0,-0.10995437448967448,-0.11436659449942427,-0.03612168387301984,-0.18005109527223578,-0.2987746890512224,-0.05451550559403045,-0.16084334517574808,-0.4896804228550765,-0.0768062562489094,-0.09285100833070879,-0.5912478700549562,-0.09708850972029445,-0.14778420027157094,-0.5138546222343695,-0.006508579202318998,-0.18117963408386958,-0.7277319706267679,-0.0434264534939957,-0.19000016960729532,-0.8641674044439448,-0.070351601315238,-0.1930301980068988,-0.9770021117426767,-0.09058816869640168,-0.06709876502927883,-0.5217617845690888,-0.017320731282379133,-0.05973809269861154,-0.7210725039570793,-0.08705082598438013,-0.06463265741977138,-0.6034270391564872,-0.11114195895278044,-0.07254999933354037,-0.4732661305300029,-0.10698378393422915,0.012220654372315783,-0.4942364817112615,-0.03470310549700662,0.023411916244016128,-0.6424102251893441,-0.0991795591064928,-0.003222185384952712,-0.5086933664867362,-0.09617600807089019,-0.023419585789875498,-0.38335527746605463,-0.07321583679338381,0.08942969364598922,-0.43261328436356167,-0.05612037549588909,0.09639991636927055,-0.5416198424313067,-0.0954626880136109,0.06697605229552896,-0.45726557534247003,-0.08844580307608975,0.043739420035971456,-0.36294661593427835,-0.0712210314923275
2026-01-04T01:53:41.798268,fc034ad7,38,one,0.0,0.0,0.0,-0.11726074704246581,-0.11445622621598299,-0.03183305899243802,-0.18286205321640508,-0.30844985685224646,-0.045543187644503214,-0.15211353601179936,-0.4946227786816143,-0.06431016204343548,-0.08158398950828805,-0.5859932511695658,-0.08212439575617725,-0.149522396370963,-0.5106996813435442,0.0008868500580286553,-0.18220331089396008,-0.7244574559473556,-0.0350943601832325,-0.19177489883497084,-0.8668026752155668,-0.062323081290707294,-0.19647317768406583,-0.9770397210148218,-0.08241161331999881,-0.06540983981276462,-0.5173832702780117,-0.012739804215504405,-0.05921399989927128,-0.7366418820889593,-0.08288867525963116,-0.06149847617397929,-0.6355475713005088,-0.10885497587256178,-0.06710622023865383,-0.49871205609275615,-0.10457491693851,0.018037486481533294,-0.48697227020556705,-0.032662141316693295,0.024234335630364156,-0.6454541532853367,-0.09867413418476356,-0.0024334105752301547,-0.5043421475113329,-0.09598763982659143,-0.021085233024357695,-0.3667542473594614,-0.0718151604102843,0.09924661715017219,-0.4204653194926831,-0.05630419547489689,0.10121505858776061,-0.5276967182803358,-0.09666070067538746,0.07120861770918344,-0.4353958028994321,-0.08818243900198033,0.05106673137245052,-0.33672560330345885,-0.06931364447183135
2026-01-04T01:53:41.872203,fc034ad7,39,one,0.0,0.0,0.0,-0.11248630351188102,-0.11210148586096662,-0.0373459022238859,-0.17775400833876384,-0.2977426115235999,-0.055863222837120675,-0.153793496751506,-0.4833878842363545,-0.07739293742071371,-0.09058372979690452,-0.5807852888834796,-0.09763993543886676,-0.14137737168995174,-0.5114922999069261,-0.012668718482725516,-0.17420441943835613,-0.724344652445032,-0.04890300696580212,-0.18375736389544808,-0.8632186358789795,-0.07629227099303561,-0.1871097534124998,-0.9774634316440357,-0.09775060090137191,-0.05956050584955336,-0.5225507665597916,-0.02351593248082445,-0.05540058557266751,-0.7293869648865285,-0.0902228647959916,-0.05945239654294195,-0.6181731622541204,-0.11353444347773241,-0.06357771040157388,-0.48034251943001,-0.11061577820268119,0.021228463567666774,-0.4913174015726714,-0.04054920797035798,0.02777794272481258,-0.663292781570809,-0.10168145922231003,0.0033797028471612236,-0.537350730432473,-0.09823778991454879,-0.012309588773954393,-0.40422169843213196,-0.07736414044767287,0.0997474235495041,-0.4223607526611311,-0.06186008075277429,0.10129498825340436,-0.5376566826302178,-0.1019483361977909,0.06976425117223856,-0.45751215050168065,-0.09614660414043259,0.04659797118408089,-0.3585014718564913,-0.08083360369218018
2026-01-04T01:53:41.925112,fc034ad7,40,one,0.0,0.0,0.0,-0.11249611711429083,-0.11271394596060424,-0.03890060758330274,-0.17801096001024774,-0.2986129635253681,-0.0578838940423965,-0.15491054608974503,-0.48755930251445867,-0.0797302585929312,-0.09139054182302628,-0.5859486837430196,-0.09994485933857372,-0.1409336943982315,-0.5135510484398751,-0.011817566509113435,-0.1738251369340367,-0.7261069245665558,-0.04874039180789079,-0.18341973442859683,-0.8637340997580432,-0.07631812377905582,-0.18627290715624217,-0.9776279876323876,-0.09770323360774932,-0.05851921314925788,-0.5242661021710879,-0.022254184565262573,-0.05420286394706336,-0.7331651069976742,-0.090506714880814,-0.05900779454979711,-0.617761894887299,-0.11399481992578837,-0.06290902787591304,-0.4773567243106728,-0.11039726490412076,0.021951213405832903,-0.49255303238248105,-0.0392380363419799,0.029671655443375678,-0.6640638626445037,-0.1021567689780113,0.004143312928076531,-0.5355206638896991,-0.09866484739491282,-0.011461335073379547,-0.40156983192857587,-0.07700774572705417,0.09961112003291667,-0.42265272563073514,-0.060662156899105146,0.10208897665404558,-0.5364857013129539,-0.10177488198660078,0.06950680257849412,-0.455798801100836,-0.09625708615646711,0.046302253060212246,-0.3565809712639154,-0.08079222771302298
2026-01-04T01:53:42.017679,fc034ad7,41,one,0.0,0.0,0.0,-0.11234746503117767,-0.10361339263188296,-0.037893430049309895,-0.18889447118643862,-0.29092075409178947,-0.05496698005955917,-0.18327723090553324,-0.48891860617152183,-0.07535595210960842,-0.11357317451836715,-0.5870266638251154,-0.09356270514812656,-0.1558795375479957,-0.5109834064930124,-0.0014948562431431934,-0.18934209239690247,-0.7258019062732711,-0.0358615531699264,-0.19927080114119686,-0.8651833549323459,-0.061813074758571035,-0.20253026178161954,-0.9758380335597243,-0.08198551897108909,-0.07493484195822447,-0.5250567405228119,-0.010749951211891822,-0.0734487899283637,-0.7176160928737847,-0.07805299937407893,-0.07653594859565287,-0.6024470605595753,-0.1020073476742936,-0.08118880171580278,-0.46569794094821426,-0.09821972234926812,0.006078578464047602,-0.502095298089304,-0.026945905844029373,0.011193049705557673,-0.6692457781519953,-0.08776318134700475,-0.011622334962747366,-0.5450351613060993,-0.08388039452402302,-0.027933775044866074,-0.415100787687377,-0.062062674672129406,0.0857105037808543,-0.44150456040216796,-0.04764338949338915,0.0843413259569777,-0.5417522558399253,-0.08596952970405905,0.057911798926137584,-0.46348320973709184,-0.08016652417135177,0.03983100933761688,-0.37425024336007323,-0.06457636677789297
2026-01-04T01:53:42.064304,fc034ad7,42,one,0.0,0.0,0.0,-0.11026065081361229,-0.11338511869900836,-0.03468830075615965,-0.18388476442714044,-0.30221206653294497,-0.05061911409632669,-0.17520482054200495,-0.4968774011589937,-0.0707559575182595,-0.10844143044757189,-0.59641377664365,-0.08894566022947446,-0.15246607081114016,-0.5197086988352357,0.0010489607787994538,-0.18538564174973252,-0.7330003848004093,-0.03219390106134449,-0.19537726294495938,-0.8676155780763726,-0.057414889888787866,-0.19919272812836042,-0.9769057409010624,-0.07731384387887867,-0.07377760776683673,-0.5302114883939542,-0.009902405479245778,-0.0726008192581377,-0.7203059942292103,-0.07620874069668027,-0.07494263112652992,-0.60200126479301,-0.099520571177629,-0.07845904263868983,-0.4692158941975982,-0.09617211229767943,0.004619052221310593,-0.5053852455389044,-0.02763730630529575,0.011007254523357728,-0.6737373455992195,-0.08793989389404182,-0.010170971315536627,-0.5463188666093083,-0.0838393034025759,-0.024812972861403573,-0.4172651003096165,-0.0625657550609988,0.08113383558475858,-0.44387567849586373,-0.04971259055486979,0.08156340032752943,-0.5477479218013416,-0.0873892319089966,0.054402596219172525,-0.46536349191848114,-0.08117990946330912,0.035658935400134914,-0.3740253048279834,-0.0658848224440679
2026-01-04T01:53:42.144042,fc034ad7,43,one,0.0,0.0,0.0,-0.10510449660311023,-0.11208712297062685,-0.03831750345226985,-0.17898047136662937,-0.28962990677241784,-0.05804646318244525,-0.1722787443104375,-0.48301105881381434,-0.08147885163414822,-0.10083645941564041,-0.5818882965437354,-0.10231298521956084,-0.14826845058519808,-0.5145746874105234,-0.006175064140842297,-0.1821128047525252,-0.7340319333667154,-0.04221471359035387,-0.19045803083023066,-0.868008390226177,-0.06792409107371224,-0.19181260484581023,-0.9775286512090566,-0.08743946870645725,-0.06952346373956858,-0.5191963312613291,-0.01586199889263634,-0.06212581374064675,-0.7157949706687131,-0.08595094040669993,-0.06992855727425386,-0.5938220283272048,-0.10866294200016637,-0.07993238156163612,-0.46068357641080177,-0.10405937296582177,0.006614396616545141,-0.49103070014495526,-0.0325285248710831,0.015025052509624548,-0.6513761207580899,-0.09801960418078777,-0.012161647907500635,-0.5124084980239902,-0.0932112013962087,-0.032359464635888416,-0.38250066024526613,-0.0695548671588034,0.07968957029252491,-0.42791956235511686,-0.053498670175096595,0.08314837261167952,-0.5359670403628328,-0.09340323994476207,0.050493453591191916,-0.4469657599214342,-0.08577376299604594,0.02445796424997052,-0.34948308865141686,-0.06856303073453682
2026-01-04T01:53:42.193096,fc034ad7,44,one,0.0,0.0,0.0,-0.10638152546223595,-0.10301845268349862,-0.03962731872806972,-0.18103177383134958,-0.28038302626467876,-0.06037402717544439,-0.1730870476155311,-0.4756949170768164,-0.08431386699559498,-0.10134112686511439,-0.5766898797864083,-0.10594752186697494,-0.14804229529717758,-0.5057048989463565,-0.012746805994241661,-0.1833441365850892,-0.7286542874426974,-0.05059274998356438,-0.19190360616463317,-0.8653464019324596,-0.07631551639725974,-0.19343611595145485,-0.9764495650605702,-0.09554431400475051,-0.0687187272898793,-0.5116887415470038,-0.021819424891655767,-0.06143181650818434,-0.7118617710735328,-0.09473486624587243,-0.06887458744205674,-0.5834722813332649,-0.11637542369263668,-0.07873049873027946,-0.4432686196682492,-0.10987350829652093,0.008498174710131444,-0.4855623556659309,-0.037685512105616895,0.014497202976624214,-0.6382721034122164,-0.10569507742873273,-0.012801516307717744,-0.49446736816921283,-0.10004439625722775,-0.03244610779992013,-0.3639312465101823,-0.07474831254091273,0.08359957540636276,-0.4262608119728484,-0.057740293454140765,0.08537436558917327,-0.5341257699109236,-0.09895918198352775,0.05224793995937681,-0.4391753924653609,-0.09077853436929322,0.026173461445193814,-0.33852038159344566,-0.07269223378297286
2026-01-04T01:53:42.263919,fc034ad7,45,one,0.0,0.0,0.0,-0.10461941981990559,-0.10730997863937705,-0.043031522749488814,-0.18028211343879458,-0.2897885841616686,-0.06579284851507917,-0.17318348653865806,-0.4852953716114741,-0.0910304515367528,-0.09768520757878474,-0.5905005272245285,-0.11405973960054913,-0.14626514558056702,-0.5078303958199696,-0.012682641305881679,-0.17761363198387817,-0.7236550778583418,-0.05533931924312248,-0.18853973341482796,-0.8613589368553773,-0.08485016929661966,-0.1903208693664163,-0.9759433385524039,-0.10636055010575753,-0.06520337075281768,-0.5201826127252838,-0.022274429160926562,-0.05978851999784654,-0.7308833578528063,-0.09986276005325194,-0.07077194030074674,-0.5904892828525191,-0.12231200307314817,-0.07589196910669063,-0.44327179381335013,-0.11417422307715105,0.014302429816507402,-0.4959725884668498,-0.03943814884477087,0.022717745253648395,-0.6673202255852395,-0.11088264743153327,-0.008274212281071674,-0.5141036583893177,-0.10278009180212051,-0.022705266743247708,-0.37778388559809917,-0.0743723686363012,0.09053817502841259,-0.43569212719359146,-0.061376839953723006,0.09001572310943873,-0.5339643047039163,-0.10617068991282727,0.05889171276685203,-0.42990676066826145,-0.09773216581760588,0.04433491331525368,-0.3311256381980229,-0.07824323513013554
2026-01-04T01:53:42.323864,fc034ad7,46,one,0.0,0.0,0.0,-0.10576109448891924,-0.1058394220213554,-0.04367635420202927,-0.18198607834718206,-0.2837258069291927,-0.06672840515421595,-0.17456817092350388,-0.47783048072469503,-0.09207474395642852,-0.10031767634409523,-0.5842775973054627,-0.11482611198524041,-0.15046290735221873,-0.5019250381517759,-0.012750647570821777,-0.1813120747656016,-0.7206990166383817,-0.055059614540257165,-0.19129517434061558,-0.859706418763962,-0.08376237272043519,-0.19314823522262425,-0.9755825401532506,-0.10455843619008792,-0.06889811319626973,-0.5156136378437244,-0.021647868915181907,-0.06582952505164037,-0.7208515964612665,-0.09860006114302726,-0.07421941222526732,-0.5774807153175285,-0.11994013488205156,-0.07743788638875604,-0.43214971184973944,-0.11101629603421267,0.011271014186834979,-0.49146320125108717,-0.03826776556181809,0.018836735472429745,-0.6579537590522374,-0.10821778764510978,-0.010276931429496802,-0.5054957789955332,-0.09872338038308302,-0.024277114453737706,-0.3722049743717301,-0.06970048690623008,0.08875821791082861,-0.4302025750425297,-0.05987399922615214,0.09162718826997247,-0.5252055832598441,-0.10316940031946044,0.060725802501632176,-0.42491705525674367,-0.09428211777368668,0.04396757858658295,-0.3306651348592802,-0.0746101131056065
2026-01-04T01:53:42.413062,fc034ad7,47,one,0.0,0.0,0.0,-0.11512816768753711,-0.10862593277435943,-0.03364705029443858,-0.1878851640816488,-0.3035873129199091,-0.047620573513054223,-0.1676520493449457,-0.49601351659186094,-0.06587651895608115,-0.09822517656776072,-0.5889394177690442,-0.08273274847919114,-0.1495465174631362,-0.5116084392866794,-0.002025740843246834,-0.18267410758388683,-0.7253399243341244,-0.03571701649358889,-0.19333979964264325,-0.8648761100261125,-0.06130458704977145,-0.19652531127704342,-0.9770825154431335,-0.08177750328042407,-0.06943678344394115,-0.5201780253265073,-0.012917046700695585,-0.07294711369160317,-0.7179361677132752,-0.07901801945386173,-0.08135498835907867,-0.6075966666980894,-0.10254382235762295,-0.08491598863536727,-0.47813369665575167,-0.09981197672849329,0.011087802710455584,-0.4921976307170265,-0.030159913275272395,0.01375084074389347,-0.6680676468122398,-0.09167887006232533,-0.016749305991627994,-0.5369875630463787,-0.08942606907367186,-0.03471399473601538,-0.40217569448625484,-0.06911240399703948,0.09155753123055412,-0.4271089778287825,-0.0513874818498877,0.08741194120250759,-0.5290990910690396,-0.09218107739667265,0.050615310579140635,-0.445577714709177,-0.08862022543141826,0.025837526993885772,-0.3497817681915221,-0.07490680268903639
2026-01-04T01:53:42.534854,fc034ad7,48,one,0.0,0.0,0.0,-0.10842854898841309,-0.10328205617293697,-0.039256189048165205,-0.18441040867307873,-0.30030285358769737,-0.057320700365149434,-0.17284900513780108,-0.5069888652966752,-0.0782494876276571,-0.09796292450931701,-0.6049020194243502,-0.09749571670570283,-0.1475887713018147,-0.5050723941059334,-0.008816863856683958,-0.1817053642032453,-0.723288382711433,-0.04480034738601593,-0.19069255222738712,-0.8610007443999897,-0.07090299165592308,-0.19297312940900163,-0.9769197012147043,-0.09159295117349078,-0.06635409431460441,-0.5142232913826255,-0.01753724289765842,-0.062364572512711276,-0.7115485257076251,-0.08664668204215902,-0.07063877732278676,-0.5834287647801251,-0.10825373352423738,-0.08065099985507365,-0.4530087677163703,-0.10320755156313832,0.013002598731089401,-0.4878145315769508,-0.03298398961956999,0.018427362665065204,-0.6606109282445878,-0.098627023784663,-0.008257176278943412,-0.5127108670870784,-0.09163795391252427,-0.027224606423246048,-0.3810932658887059,-0.06646767796470586,0.09112534626474957,-0.42669857957058216,-0.052603663124578016,0.08803999793296659,-0.5393677173625795,-0.09480094300134388,0.058575655114154475,-0.4466936746465381,-0.08713140679521723,0.03836098889693463,-0.3542700067154751,-0.06969431205390246
2026-01-04T01:53:42.592187,fc034ad7,49,one,0.0,0.0,0.0,-0.1091559787702379,-0.10903287852923484,-0.03763327568964537,-0.18351264599593886,-0.30471747302033636,-0.05531139681247248,-0.17179517919412227,-0.5087027469877796,-0.0763792225208105,-0.09829128339242352,-0.6051061040836144,-0.09580703547944315,-0.1468136614242264,-0.5081339579277878,-0.006207005525301848,-0.1808845382837207,-0.7249193213522976,-0.041442724104036856,-0.18981493869157745,-0.8631040130927305,-0.06720196903480392,-0.19172051943121182,-0.9775482875399429,-0.08742189632323917,-0.06605605644369018,-0.5181538504239863,-0.015449067282458366,-0.0622365142560496,-0.7148829422166791,-0.08330622146180726,-0.07118230219403174,-0.5908356811676028,-0.10517872826910998,-0.08103705351870609,-0.45808388667072436,-0.10038716129899548,0.01338385388119835,-0.49262188498045345,-0.031368943051931865,0.017883332556254253,-0.6638139279491255,-0.09501206174811615,-0.008607262275223735,-0.5236719286378778,-0.08917933773825126,-0.02655434317056886,-0.39154243608477546,-0.06516419893550707,0.09169607806975531,-0.4324720297203351,-0.05141676313434838,0.08704959352653728,-0.5416389995835197,-0.09126467436831238,0.05791880078059977,-0.4566974976841598,-0.08402171585226342,0.03873274893283773,-0.3659532482635888,-0.06721606425282893
2026-01-04T01:53:42.672206,fc034ad7,50,one,0.0,0.0,0.0,-0.1045569017680537,-0.11258143760794721,-0.0416124048341392,-0.17662993463427443,-0.2950280911954727,-0.06325568186805029,-0.17150604931616475,-0.4855845652764556,-0.08785565126831789,-0.10725461926238333,-0.5923081695053294,-0.1100430563720993,-0.14369339034813391,-0.5186832059644024,-0.010752939897842583,-0.17908666047724672,-0.7318294873831497,-0.050965763083613495,-0.1889309263600407,-0.8637126894637716,-0.07903809142410738,-0.19063273022887636,-0.9765015049019645,-0.1005185211276155,-0.06297368815128226,-0.5300211339353065,-0.02048233106786328,-0.06004761891353394,-0.7191551322228886,-0.09406133387211163,-0.06826258677303026,-0.5771400716288472,-0.1162496765514819,-0.07659700870755097,-0.4418910426342825,-0.11112645100878661,0.016037820772720767,-0.5022346576337199,-0.037888697504800936,0.021696054726433673,-0.670076244848381,-0.10693602636444666,-0.005628648235131286,-0.5242540717632428,-0.10085584867072758,-0.02448766867973596,-0.39363451322626547,-0.07654970504250033,0.09295610538205241,-0.43742776613107515,-0.05983801049654611,0.09091052379730355,-0.534314396731735,-0.10496594565836691,0.05560489962323771,-0.4395318246525511,-0.0994019640951002,0.028536467322626213,-0.34544062775759254,-0.08349143657107728
